date,QQQ,VIXY,IEF,HYG,LQD
2025-06-20,523.7164,52.16,90.4421,74.5455,102.5648
2025-06-23,529.1016,51.41,90.7576,74.6856,102.8208
2025-06-24,537.1926,47.75,91.0731,74.8911,103.3045
2025-06-25,538.566,47.39,91.1114,74.8725,103.1812
2025-06-26,543.6018,47.19,91.4364,75.0873,103.5606
2025-06-27,545.4628,47.13,91.1974,75.05,103.3899
2025-06-30,548.9958,46.88,91.5607,75.3395,103.959
2025-07-01,544.3681,46.81,91.3912,75.2451,104.0846
2025-07-02,548.1598,46.67,91.1993,75.3859,104.0655
2025-07-03,553.5538,46.29,90.8828,75.4328,103.818
2025-07-07,549.3839,46.86,90.5951,75.1794,103.1993
2025-07-08,549.6924,45.8,90.4608,75.0762,102.9042
2025-07-09,553.5837,44.2,90.9308,75.2826,103.4944
2025-07-10,552.7875,43.86,90.8828,75.2076,103.5134
2025-07-11,551.5435,44.07,90.4608,75.1137,102.8851
2025-07-14,553.5439,44.74,90.4225,75.17,102.8566
2025-07-15,554.0514,44.41,90.0676,74.9448,102.4853
2025-07-16,554.6187,44.82,90.317,75.1419,102.6471
2025-07-17,559.1071,44.62,90.2882,75.2169,102.8946
2025-07-18,558.5697,43.96,90.5376,75.3202,103.085
2025-07-21,561.4657,43.7,90.8541,75.4234,103.4848
2025-07-22,558.5597,43.55,91.113,75.5548,103.7323
2025-07-23,561.1074,41.77,90.7869,75.5924,103.5705
2025-07-24,562.3017,41.61,90.6527,75.4985,103.4182
2025-07-25,563.6552,41.23,90.8637,75.5454,103.7514
2025-07-28,565.4167,40.1,90.6622,75.5079,103.542
2025-07-29,564.5409,41.04,91.2569,75.5548,104.2274
2025-07-30,565.2973,41.24,90.9404,75.3953,103.8371
2025-07-31,562.3017,41.49,91.0171,75.4422,103.8656
2025-08-01,551.225,44.76,92.0648,75.4464,104.7872
2025-08-04,561.3961,41.73,92.1899,75.7011,104.9688
2025-08-05,557.5844,42.16,92.1225,75.6634,105.0453
2025-08-06,564.6006,40.86,92.0552,75.7388,105.0166
2025-08-07,566.5114,41.18,91.9878,75.6634,104.9115
2025-08-08,571.796,39.76,91.7761,75.6728,104.5769
2025-08-11,570.1041,39.95,91.805,75.6728,104.7394
2025-08-12,577.2696,38.25,91.7857,75.8426,104.835
2025-08-13,577.5582,38.03,92.1129,76.0407,105.3894
2025-08-14,577.1104,38.14,91.8146,75.8426,105.0262
2025-08-15,574.5726,37.97,91.6318,75.8992,104.8924
2025-08-18,574.3437,37.11,91.5452,75.8426,104.7012
2025-08-19,566.5512,37.85,91.7761,75.8237,104.8637
2025-08-20,563.1874,37.61,91.9108,75.7954,104.9115
2025-08-21,560.58,38.185,91.6414,75.654,104.51
2025-08-22,569.2283,35.19,92.1514,76.2671,105.332
2025-08-25,567.5862,35.13,91.9686,76.1162,105.0548
2025-08-26,569.8653,34.94,92.2091,76.286,105.1313
2025-08-27,570.741,35.09,92.3823,76.3803,105.1695
2025-08-28,574.3138,34.55,92.594,76.418,105.332
2025-08-29,567.6659,35.26,92.517,76.2765,104.9497
2025-09-02,562.9088,36.35,92.241,76.1943,104.599
2025-09-03,567.3374,35.5,92.5596,76.4029,105.2225
2025-09-04,572.4727,34.46,92.9747,76.6114,105.9419
2025-09-05,573.2987,34.495,93.4284,76.6493,106.6325
2025-09-08,576.0953,33.88,93.7181,76.6493,107.0066
2025-09-09,577.7274,33.71,93.496,76.564,106.8147
2025-09-10,577.9165,33.58,93.747,76.6209,107.1313
2025-09-11,581.2803,32.73,93.8918,76.8104,107.6301
2025-09-12,583.8479,32.68,93.6215,76.7346,107.4382
2025-09-15,588.8439,33.08,93.776,76.9526,107.7739
2025-09-16,588.3463,33.58,93.8339,76.8957,107.678
2025-09-17,587.1719,32.365,93.6312,76.8199,107.4862
2025-09-18,592.4664,32.25,93.3223,76.9905,107.2656
2025-09-19,596.4771,32.34,93.2836,77.0189,107.1792
2025-09-22,600.0082,32.88,93.1292,77.0758,106.9394
2025-09-23,596.0228,33.25,93.3898,77.0189,107.1505
2025-09-24,593.9304,32.83,93.1388,76.9147,106.7188
2025-09-25,591.3698,33.27,92.9361,76.6967,106.527
2025-09-26,593.8009,31.99,92.8878,76.8483,106.6709
2025-09-29,596.5509,32.4,93.1581,76.981,107.0258
2025-09-30,598.1849,32.3,93.1195,76.9526,106.9203
2025-10-01,601.0544,32.1,93.4337,77.0966,107.3496
2025-10-02,603.5254,32.47,93.5306,77.0681,107.5229
2025-10-03,600.9847,32.24,93.3466,76.9824,107.3881
2025-10-06,605.4982,32.16,93.0755,77.0014,107.0415
2025-10-07,602.3098,32.79,93.3079,76.9157,107.2437
2025-10-08,609.2146,32.29,93.3272,76.8014,107.1089
2025-10-09,608.4773,32.37,93.2594,76.5824,106.8971
2025-10-10,587.3545,36.38,93.8404,76.1348,107.1956
2025-10-13,599.8189,33.72,93.8889,76.611,107.5614
2025-10-14,595.8235,35.14,94.1309,76.6967,107.9176
2025-10-15,600.0282,35.52,94.0244,76.9443,107.9176
2025-10-16,597.8063,38.95,94.4602,76.6681,108.2256
2025-10-17,601.7319,35.73,94.3052,76.8681,108.0139
2025-10-20,609.3142,33.01,94.4311,77.0205,108.3412
2025-10-21,609.1548,32.84,94.6054,76.9062,108.3604
2025-10-22,603.2863,33.23,94.6248,76.83,108.4663
2025-10-23,608.3577,32.6,94.3149,77.0014,108.3315
2025-10-24,614.854,32.22,94.4021,77.2109,108.5144
2025-10-27,625.804,31.16,94.4021,77.4014,108.6974
2025-10-28,630.6164,32.04,94.4892,77.3252,108.707
2025-10-29,633.4561,32.65,93.8792,77.0871,108.0909
2025-10-30,623.7714,32.91,93.7436,76.9443,107.5133
2025-10-31,626.7804,33.03,93.7823,76.9443,107.08
2025-11-03,629.7795,32.67,93.7375,76.7048,106.7925
2025-11-04,616.9962,33.9,93.854,76.7144,106.9375
2025-11-05,621.0115,32.6,93.4072,76.791,106.6186
2025-11-06,609.4438,34.01,93.8832,76.8197,107.179
2025-11-07,607.5208,33.69,93.922,76.8867,106.9664
2025-11-10,620.9617,31.93,93.7958,77.1451,107.0244
2025-11-11,619.3077,31.84,94.0872,77.2312,107.4495
2025-11-12,618.8195,32.03,94.1066,77.0781,107.3433
2025-11-13,606.1857,34.16,93.8346,76.7622,106.8119
2025-11-14,606.644,33.59,93.6792,76.7814,106.522
2025-11-17,601.4629,35.3,93.786,76.657,106.5896
2025-11-18,594.1397,36.75,93.9415,76.6761,106.6379
2025-11-19,597.6867,35.82,93.8735,76.7144,106.6476
2025-11-20,583.5384,38.2,94.0969,76.6665,106.7925
2025-11-21,587.9224,36.25,94.4077,76.925,107.1693
2025-11-24,602.9575,33.66,94.5534,77.1355,107.5945
2025-11-25,606.6739,32.76,94.7963,77.4035,107.894
2025-11-26,612.0343,31.84,94.874,77.4801,108.2611
2025-11-28,616.9962,31.13,94.7088,77.5184,108.0776
2025-12-01,614.9238,31.15,94.2007,77.3788,107.4991
2025-12-02,619.7362,30.6,94.2786,77.523,107.567
2025-12-03,621.2506,30.43,94.4735,77.5903,107.8095
2025-12-04,620.6728,30.16,94.1812,77.648,107.6155
2025-12-05,623.2035,29.79,93.9863,77.648,107.5088
2025-12-08,622.0079,30.1,93.7915,77.4557,107.2858
2025-12-09,622.7751,30.28,93.6551,77.3692,107.15
2025-12-10,625.3258,29.06,93.9571,77.6288,107.6446
2025-12-11,623.3031,28.65,93.9669,77.6192,107.4894
2025-12-12,611.3867,28.72,93.7136,77.4749,106.8397
2025-12-15,608.3179,28.69,93.7915,77.5134,106.9658
2025-12-16,609.5235,28.57,94.0545,77.5615,107.2082
2025-12-17,598.2248,29.06,94.0351,77.4653,107.0918
2025-12-18,606.8931,28.11,94.2786,77.6769,107.4991
2025-12-19,614.8042,27.05,94.0662,77.6388,107.2231
2025-12-22,617.7514,26.12,93.9685,77.7065,107.2037
2025-12-23,620.6445,26.22,93.9294,77.7644,107.3108
2025-12-24,622.4603,26.19,94.1737,77.9094,107.7294
2025-12-26,622.4204,26.14,94.2617,77.8707,107.7197
2025-12-29,619.4075,25.86,94.3985,77.8997,107.8657
2025-12-30,617.9709,25.47,94.3008,77.977,107.7392
2025-12-31,612.8629,25.64,93.988,77.8997,107.2816
2026-01-02,611.6757,25.21,93.9098,77.9383,107.2524
2026-01-05,616.5343,25.57,94.1933,78.1412,107.5542
2026-01-06,621.9515,25.26,94.1248,78.1606,107.5542
2026-01-07,622.55,25.68,94.3008,78.1412,107.6321
2026-01-08,619.0084,25.34,94.0173,78.1992,107.3302
2026-01-09,625.1739,24.98,94.1248,78.2572,107.7197
2026-01-12,625.6926,25.03,94.0076,78.2958,107.5931
2026-01-13,624.7648,25.63,94.1248,78.2958,107.8268
2026-01-14,618.0906,26.26,94.3203,78.2958,108.0994
2026-01-15,620.3153,25.48,94.1248,78.2958,107.9631
2026-01-16,619.7965,25.6,93.7632,78.3441,107.6515
2026-01-20,606.6276,28.46,93.3918,78.1412,106.9992
2026-01-21,614.8283,25.84,93.6361,78.3731,107.6418
2026-01-22,619.2977,25.22,93.6264,78.4311,107.8463
2026-01-23,621.2531,25.68,93.7827,78.3924,107.9144
2026-01-26,623.9867,25.63,93.9196,78.4311,108.002
2026-01-27,629.6433,26.09,93.8121,78.4214,107.8852
2026-01-28,631.7284,26.09,93.7339,78.2958,107.7294
2026-01-29,627.9473,26.27,93.8316,78.2862,107.7586
2026-01-30,620.4051,26.71,93.773,78.3731,107.6515
2026-02-02,624.6651,25.28,93.5886,78.4204,107.5516
2026-02-03,615.0677,26.37,93.6769,78.3718,107.6005
2026-02-04,604.3231,26.75,93.6573,78.2748,107.4637
2026-02-05,595.6236,28.42,94.2064,78.1874,107.9816
2026-02-06,608.2139,26.71,94.2064,78.4592,108.0402
2026-02-09,612.8729,25.81,94.226,78.566,108.0402
2026-02-10,610.0296,26.34,94.6379,78.4884,108.2943
2026-02-11,611.6657,26.24,94.3731,78.4786,108.1771
2026-02-12,599.2251,27.9,94.9517,78.4398,108.6852
2026-02-13,600.5021,28.31,95.3243,78.4981,109.0468
2026-02-17,599.8836,27.3,95.3145,78.4592,109.1543
2026-02-18,604.363,27.37,95.1184,78.5563,109.0468
2026-02-19,602.0485,28.05,95.2066,78.5854,109.1347
2026-02-20,607.3759,27.4,95.2066,78.6437,109.0468
2026-02-23,599.9933,28.47,95.5498,78.5175,109.164
2026-02-24,606.4381,27.58,95.5302,78.4592,109.1347
2026-02-25,615.2273,26.54,95.4518,78.566,109.1054
2026-02-26,607.8049,26.81,95.7067,78.4981,109.1738
2026-02-27,605.8595,27.86,96.0891,78.3718,109.1347
2026-03-02,606.6576,28.22,95.5117,78.3266,108.7649
2026-03-03,600.1629,29.53,95.4035,78.1705,108.7159
2026-03-04,609.3113,28.53,95.2068,78.4437,108.8139
2026-03-05,607.4756,30.35,94.9118,78.1315,108.3825
2026-03-06,598.3372,34.45,94.8528,77.751,108.0197
2026-03-09,606.3283,31.17,95.1478,78.2193,108.6668
2026-03-10,606.3383,32.68,94.8429,78.0925,107.9216
2026-03-11,606.2585,31.19,94.4102,77.9169,107.0391
2026-03-12,595.8531,33.32,94.1054,77.4193,106.4605
2026-03-13,592.3214,33.88,94.007,77.2729,106.0683
2026-03-16,598.9657,31.33,94.4299,77.5168,106.5782
2026-03-17,601.8888,30.88,94.5971,77.8681,107.1764
2026-03-18,593.4986,33.59,94.1644,77.4681,106.5978
2026-03-19,591.6231,32.65,94.1545,77.7217,107.0685
2026-03-20,580.6889,34.97,93.3088,76.9997,105.7545
2026-03-23,587.3544,33.14,93.6038,77.5071,106.4507
2026-03-24,583.3388,33.84,93.2891,77.2437,106.235
2026-03-25,587.1746,33.21,93.7808,77.4876,106.6174
2026-03-26,573.16,35.49,93.0236,76.9997,105.784
2026-03-27,561.9623,38.23,93.0334,76.8046,105.529
2026-03-30,557.667,37.88,93.6923,76.8924,106.2056
2026-03-31,576.5463,34.35,93.8595,77.6242,106.8724
2026-04-01,583.6684,33.57,93.7778,77.8141,106.9871
2026-04-02,584.3377,33.53,93.9949,78.0004,107.44
2026-04-06,587.8538,32.71,93.7482,78.1376,107.2727
2026-04-07,587.9437,33.86,93.985,78.1572,107.3908
2026-04-08,605.4245,30.51,94.1923,78.618,107.8043
2026-04-09,609.52,29.4,94.1627,78.7062,107.8043
2026-04-10,610.399,29.75,94.0048,78.3925,107.5188
2026-04-13,616.7121,28.62,94.212,78.6866,107.9323
2026-04-14,627.9098,28.11,94.5179,78.9219,108.2868
2026-04-15,636.7001,28.33,94.3107,78.8827,108.2474
2026-04-16,639.7668,28.29,94.1429,78.7749,107.7453
2026-04-17,648.1376,27.93,94.656,79.069,108.3459
2026-04-20,646.0798,28.39,94.5672,79.0004,108.336
2026-04-21,643.6225,28.91,94.1528,78.7945,107.9225
2026-04-22,654.3907,28.54,94.2515,78.9219,108.1293
2026-04-23,650.7047,28.51,94.1035,78.7945,107.8339
2026-04-24,663.1511,28.77,94.2909,78.9023,107.9127
2026-04-27,663.5007,27.81,94.0739,78.9317,107.6074
2026-04-28,656.828,27.39,93.985,78.8239,107.6567
2026-04-29,660.8436,28.01,93.541,78.5592,107.056
2026-04-30,667.0068,27.22,93.7186,78.8043,107.1742
2026-05-01,673.4098,27.43,93.7904,78.9016,107.3468
2026-05-04,672.1412,27.72,93.4439,78.6453,107.0008
2026-05-05,680.8616,27.7,93.5825,78.7636,107.3962
2026-05-06,695.006,27.09,94.0478,79.0001,107.93
2026-05-07,694.177,26.85,93.7607,78.7044,107.4852
2026-05-08,710.4491,27.05,94.0082,78.9804,107.9399
2026-05-11,712.5068,27.41,93.6914,78.8227,107.673
2026-05-12,706.4635,26.77,93.3746,78.7143,107.3073
2026-05-13,713.9252,27.33,93.3746,78.7537,107.3666
2026-05-14,718.9997,26.68,93.3152,78.6946,107.2974
2026-05-15,708.1516,26.93,92.5727,78.3102,106.6153
2026-05-18,705.1049,26.3,92.5331,78.3891,106.4177
2026-05-19,700.7597,26.62,92.1767,78.2018,105.8839
2026-05-20,712.367,26.02,92.8004,78.7044,106.7043
2026-05-21,713.7255,25.29,92.8598,78.7439,106.9218
2026-05-22,716.7521,25.43,92.939,78.7537,107.1195
2026-05-26,729.4782,24.64,93.335,79.0198,107.5247
2026-05-27,728.6491,24.13,93.3746,78.9705,107.673
2026-05-28,734.7923,23.7,93.5924,79.0691,107.9992
2026-05-29,737.4993,23.29,93.7013,79.1479,108.098
2026-06-01,741.9245,23.85,93.5396,79.0875,108.0814
2026-06-02,745.3407,23.46,93.6091,79.147,108.0715
2026-06-03,743.3929,23.52,93.3707,78.929,107.7739
2026-06-04,739.7968,22.67,93.4899,79.0776,108.0021
2026-06-05,704.2858,24.31,92.9932,78.6814,107.3274
2026-06-08,715.2838,23.91,92.8939,78.7904,107.2182
2026-06-09,707.0528,24.27,93.1522,78.8696,107.5655
2026-06-10,692.9283,25.68,93.0628,78.721,107.3174
2026-06-11,716.3326,24.41,93.7084,79.1866,108.2303
2026-06-12,720.548,23.29,93.5495,79.1866,108.1608
2026-06-15,743.1831,21.7,93.6488,79.2856,108.141
2026-06-16,729.0586,21.82,93.8872,79.2757,108.27
2026-06-17,721.7167,22.7,93.3906,78.9786,107.9227
2026-06-18,739.8068,21.9,93.7283,79.2559,108.2204
2026-06-22,737.95,21.85,93.3707,79.1866,107.9326
2026-06-23,713.65,22.98,93.4899,79.1172,108.0616
2026-06-24,710.62,22.91,94.0958,79.0974,108.5577
2026-06-25,716.38,22.48,94.1554,79.1272,108.647
2026-06-26,706.52,22.62,94.3938,79.0776,108.647
2026-06-29,724.08,21.7,94.4236,79.2559,108.8454
2026-06-30,736.4,21.29,93.9369,79.2163,108.2204
2026-07-01,725.17,21.52,93.7088,79.2052,107.9929
2026-07-02,712.6,21.23,93.7985,79.3246,108.1721
2026-07-06,722.82,20.65,93.8583,79.4838,108.202
2026-07-07,709.43,20.87,93.3799,79.3744,107.4154
2026-07-08,711.44,21.23,93.1906,79.2748,107.2063
2026-07-09,723.28,20.81,93.3899,79.3644,107.2461
2026-07-10,725.51,20.34,93.3102,79.3246,106.9972
2026-07-13,711.74,21.02,92.9713,79.1355,106.4993
2026-07-14,719.69,20.66,93.2304,79.2947,106.7482
2026-07-15,717.74,20.06,93.4596,79.4241,107.1167
2026-07-16,705.94,20.56,93.3999,79.4142,107.037
2026-07-17,695.33,21.65,93.5194,79.2649,107.0967
2026-07-20,696.06,21.23,93.2205,79.2947,106.6885
2026-07-21,708.97,20.66,92.9913,79.2649,106.3898
2026-07-22,705.35,20.72,92.782,79.1355,106.2106
2026-07-23,691.96,21.78,92.5328,78.8469,105.8023
2026-07-24,684.23,21.44,92.7122,78.8469,105.7725
2026-07-27,682.12,21.38,92.9614,78.8867,106.0513
2026-07-28,675.49,21.24,93.2404,79.036,106.3699
2026-07-29,661.73,22.53,92.8517,78.8569,105.7625
2026-07-30,683.55,21.07,92.8916,79.0858,105.9517
2026-07-31,687.99,20.51,92.6325,79.0957,105.7924
2026-08-03,700.07,20.35,92.82,79.31,106.11
2026-08-04,723.85,20.45,93.25,79.55,106.76
2026-08-05,717.3,19.77,93.31,79.52,106.74
2026-08-06,714.65,19.53,92.95,79.46,106.36
2026-08-07,723.03,19.56,93.17,79.61,106.55
2026-08-10,720.87,19.55,92.76,79.48,105.96
2026-08-11,718.45,19.3,92.87,79.51,105.99
2026-08-12,723.7,18.77,92.96,79.61,106.12
